Company Name,Address
Wall Contractor Corp,"3511 FARRAGUT ROAD, New York, NY"
Brenmac Corp,"135 EAST 71 STREET, New York, NY"
Franklin Super Foods & Liquors Inc,"501 N Kedzie Ave, Chicago, IL 60612-1093"
Douglas Deboe Inc,"14860 Montfort Dr Ste 208, Dallas, TX 75254-6718"
Icebox Inc,"3255 Peachtree Road, Atlanta, GA 30305"
Adprime Media Inc.,"28 LIBERTY ST, 6th Floor, NEW YORK, NY 10005"
Trans World Trading Inc.,"4001 S. BUCKNER BLVD, DALLAS, TX 75227"
All Empire Building Contractors Inc,"2507 HUGHES AVENUE, New York, NY"
Signco Inc,"755 W NORTH AVE, Chicago, IL"
Kelley Electric Inc,"507 Clayton Ct, Harrison, OH 45030-4930"
